"current_route","current_name","action","future_location","proposed_name","proposed_route","redirect_required","notes"
"/","Welcome to Architecting Intelligence","retain","Home","Enterprise AI Transformation","/","no","Preserve content and map it to the future hierarchy."
"/admin.html","Portal administration","retain","Utility","Portal administration","/admin.html","no","Preserve content and map it to the future hierarchy."
"/login.html","Welcome back","retain","Utility","Welcome back","/login.html","no","Preserve content and map it to the future hierarchy."
"/register.html","Create your account","retain","Utility","Create your account","/register.html","no","Preserve content and map it to the future hierarchy."
"/pages/about.html","About Me","move","Knowledge Centre","About the Methodology and Author","/knowledge-centre/about","yes","Preserve content and map it to the future hierarchy."
"/pages/agentic-ai.html","Agentic AI Governance Framework","split","Stage 4 — Establish Governance","Agent Risk Management","/transformation/stage-4-establish-governance/agent-risk-management","yes","Create child-page plan before moving; retain the current page until approval."
"/pages/ai-adoption.html","The Enterprise Tool Migration Trap","split","Stage 3 — Define Strategy","Enterprise AI Adoption Strategy","/transformation/stage-3-define-strategy/ai-adoption-strategy","yes","Create child-page plan before moving; retain the current page until approval."
"/pages/ai-architecture.html","AI Architecture & Implementation Framework","split","Stage 7 — Design the Target Architecture","Enterprise AI Control-Plane Architecture","/transformation/stage-7-design-target-architecture/ai-control-plane","yes","Create child-page plan before moving; retain the current page until approval."
"/pages/ai-automation-spectrum.html","Enterprise AI Automation Spectrum","move","Knowledge Centre","AI and Automation Autonomy Spectrum","/knowledge-centre/ai-automation-autonomy-spectrum","yes","Preserve content and map it to the future hierarchy."
"/pages/ai-governance.html","Governance, Compliance & Oversight","merge","Stage 4 — Establish Governance","AI Governance Operating Model","/transformation/stage-4-establish-governance/operating-model","yes","Merge into the canonical destination after content-level review."
"/pages/ai-infrastructure-architecture.html","AI Infrastructure Architecture","split","Stage 7 — Design the Target Architecture","AI Infrastructure Architecture","/transformation/stage-7-design-target-architecture/infrastructure-architecture","yes","Create child-page plan before moving; retain the current page until approval."
"/pages/ai-rpa-prioritization.html","AI & RPA Opportunity Prioritization","move","Stage 5 — Identify and Prioritise Opportunities","Opportunity Prioritisation Model","/transformation/stage-5-prioritise-opportunities/prioritisation-model","yes","Preserve content and map it to the future hierarchy."
"/pages/ai-technology-glossary.html","AI & Technology Glossary","retain","Knowledge Centre","AI and Technology Glossary","/knowledge-centre/glossary","yes","Preserve content and map it to the future hierarchy."
"/pages/architecture.html","Enterprise Architecture & Implementation","merge","Stage 7 — Design the Target Architecture","Target Architecture Overview","/transformation/stage-7-design-target-architecture","yes","Merge into the canonical destination after content-level review."
"/pages/assurance.html","Enterprise AI Assurance","merge","Stage 12 — Operate and Govern Production","AI Assurance and Control Testing","/transformation/stage-12-operate-govern-production/assurance","yes","Merge into the canonical destination after content-level review."
"/pages/automation.html","Automation Framework","move","Knowledge Centre","Intelligent Automation Framework","/knowledge-centre/intelligent-automation","yes","Preserve content and map it to the future hierarchy."
"/pages/contact.html","Get in Touch","retain","Utility","Contact","/contact","yes","Preserve content and map it to the future hierarchy."
"/pages/data-security.html","Data Security & Privacy","split","Stage 7 — Design the Target Architecture","Data Security and Privacy Architecture","/transformation/stage-7-design-target-architecture/data-security","yes","Create child-page plan before moving; retain the current page until approval."
"/pages/document-processing.html","The Document Processing Misconception","move","Knowledge Centre","Intelligent Document Processing Pattern","/knowledge-centre/document-processing","yes","Preserve content and map it to the future hierarchy."
"/pages/executive-career-portfolio.html","From financial discipline to governed AI transformation.","archive","About","Executive Career Portfolio","/about/executive-career-portfolio","yes","Remove from normal methodology navigation; retain an accessible archive route."
"/pages/governance-integration.html","Governance Integration Model","merge","Stage 4 — Establish Governance","Integrated AI Governance Model","/transformation/stage-4-establish-governance/integrated-governance","yes","Merge into the canonical destination after content-level review."
"/pages/greenfield-implementation.html","Greenfield AI Governance Implementation Blueprint","split","Stage 8 — Plan Implementation","Greenfield AI Implementation Blueprint","/transformation/stage-8-plan-implementation/greenfield-blueprint","yes","Create child-page plan before moving; retain the current page until approval."
"/pages/knowledge-discovery.html","Knowledge Discovery","retain","Knowledge Centre","Knowledge Discovery","/knowledge-centre/search","yes","Preserve content and map it to the future hierarchy."
"/pages/operational-risk.html","Operational & Behavioural Risk","move","Stage 12 — Operate and Govern Production","Operational and Behavioural Risk","/transformation/stage-12-operate-govern-production/operational-risk","yes","Preserve content and map it to the future hierarchy."
"/pages/resources.html","Resources & Downloads","move","Deliverables","Deliverable and Template Catalogue","/deliverables","yes","Preserve content and map it to the future hierarchy."
"/pages/security-review.html","Enterprise AI Security & Architecture Review","merge","Stage 7 — Design the Target Architecture","Security Architecture Review","/transformation/stage-7-design-target-architecture/security-review","yes","Merge into the canonical destination after content-level review."
"/pages/solutions.html","Enterprise AI & Automation Solutions","split","Stage 5 — Identify and Prioritise Opportunities","AI Opportunity Patterns","/transformation/stage-5-prioritise-opportunities/opportunity-patterns","yes","Create child-page plan before moving; retain the current page until approval."
"/pages/vendor-assurance.html","Vendor, Infrastructure & Lifecycle Dependencies","move","Stage 4 — Establish Governance","Third-Party AI Assurance","/transformation/stage-4-establish-governance/vendor-assurance","yes","Preserve content and map it to the future hierarchy."