"gap_id","missing_page_or_deliverable","lifecycle_stage","workstream","why_required","consequence_if_missing","content_type","priority","sequence","dependencies"
"GAP-001","Transformation Overview","Overview","strategy-value","Explains the end-to-end methodology","Portal remains a collection of articles","guidance","critical","1","Approved lifecycle"
"GAP-002","Transformation Navigator","Overview","delivery-quality","Helps users identify their stage and next action","Users cannot enter the methodology reliably","tool","critical","2","Transformation Overview"
"GAP-003","Programme Charter","Stage 0","strategy-value","Creates mandate, scope, authority and outcomes","Programme starts without accountable boundaries","deliverable-template","critical","3","Transformation Overview"
"GAP-004","Stakeholder and Decision Model","Stage 0","governance-responsible-ai","Assigns collection, validation and approval responsibilities","Evidence and decisions lack owners","guidance-template","critical","4","Programme Charter"
"GAP-005","Current-State Discovery Standard","Stage 1","business-process","Defines complete and repeatable baseline collection","Readiness and strategy use incomplete evidence","standard-checklist","critical","5","Programme Charter"
"GAP-006","Enterprise AI Readiness Model","Stage 2","evidence-assurance","Provides scored dimensions, evidence and gaps","Readiness claims become subjective","assessment-tool","critical","6","Discovery Standard"
"GAP-007","Enterprise AI Strategy Decision Pack","Stage 3","strategy-value","Connects ambition, choices, outcomes and roadmap","Architecture and investment lack direction","deliverable-template","critical","7","Readiness Model"
"GAP-008","Governance Approval Pack","Stage 4","governance-responsible-ai","Defines policies, controls, forums and rights","Governance cannot be approved or evidenced","deliverable-template","critical","8","Strategy Decision Pack"
"GAP-009","Enterprise AI Business Case","Stage 6","finance-procurement","Provides transparent benefits, costs and assumptions","Funding decisions lack a comparable basis","deliverable-template","critical","10","Prioritised portfolio"
"GAP-010","Target Architecture Decision Pack","Stage 7","architecture-technology","Records target views, decisions and exceptions","Build proceeds without an approved target","deliverable-template","critical","11","Strategy and governance"
"GAP-011","Integrated Implementation Plan","Stage 8","delivery-quality","Coordinates work, dependencies, cutover and rollback","Delivery is fragmented and unsafe","deliverable-template","critical","12","Business case and architecture"
"GAP-012","Production Readiness Evidence Pack","Stage 10","evidence-assurance","Proves tests, controls, ownership and recovery","Unsafe releases may reach production","deliverable-checklist","critical","13","Build and test evidence"
"GAP-013","Opportunity Intake Standard","Stage 5","business-process","Creates comparable problem and outcome definitions","Portfolio selection is biased or inconsistent","template","high","9","Governance model"
"GAP-014","Benefits Realisation Plan","Stage 6","strategy-value","Defines baselines, owners and measurement","ROI cannot be validated","deliverable-template","high","11","Business case"
"GAP-015","Architecture Decision Record Standard","Stage 7","architecture-technology","Captures rationale, alternatives and consequences","Architecture choices become unauditable","standard-template","high","11","Architecture principles"
"GAP-016","Model Evaluation Plan","Stage 8","delivery-quality","Defines quality, safety and regression tests","Model quality cannot be accepted consistently","guidance-template","high","12","Use-case requirements"
"GAP-017","Build Evidence Standard","Stage 9","evidence-assurance","Defines configuration and traceability evidence","Test results cannot be tied to the build","standard","high","13","Implementation plan"
"GAP-018","AI Test and Validation Strategy","Stage 10","delivery-quality","Combines functional, AI, security and operational validation","Release decision misses AI-specific failure modes","guidance-template","high","14","Model Evaluation Plan"
"GAP-019","Cutover and Rollback Plan","Stage 11","operations-reliability","Controls production transition and recovery","Failed deployment has no safe reversal","deliverable-template","high","15","Production readiness"
"GAP-020","Production AI Operating Model","Stage 12","operations-reliability","Assigns service, model, data, control and vendor ownership","Production accountability is fragmented","guidance-deliverable","high","16","Transition plan"
"GAP-021","AI Incident Playbook","Stage 12","security-identity","Defines detection, containment, escalation and evidence","AI incidents are handled inconsistently","runbook","high","17","Operating model"
"GAP-022","Continuous Evaluation Standard","Stage 12","delivery-quality","Defines ongoing quality and drift evaluation","Silent degradation is not detected","standard","high","17","Model Evaluation Plan"
"GAP-023","Benefits Review","Stage 13","strategy-value","Compares realised outcomes with the approved case","Scaling decisions lack outcome evidence","deliverable-template","high","18","Benefits Realisation Plan"
"GAP-024","Scale Decision Pack","Stage 13","strategy-value","Combines benefits, risks, capacity and funding","Pilots scale without enterprise evidence","deliverable-template","high","19","Benefits Review"
"GAP-025","Sector Regulatory Overlay","Cross-cutting","privacy-legal","Maps methodology controls to sector obligations","Sector users must infer applicability","guidance","medium","20","Governance model"
"GAP-026","Data Collection Responsibility Matrix","Cross-cutting","data","Assigns source, collector, validator and approver","Discovery evidence lacks provenance","template","medium","5","Role catalogue"
"GAP-027","Deliverable Repository View","Cross-cutting","evidence-assurance","Makes outputs findable by stage, role and status","Resources remain disconnected files","feature","medium","Phase 1","Deliverable schema"
"GAP-028","Methodology Case Study","Knowledge Centre","people-change","Shows how stages connect in practice","New users struggle to apply the model","case-study","medium","21","Stage standards"
"GAP-029","Recently Viewed","Knowledge Centre","delivery-quality","Improves return navigation","Minor usability friction","feature","low","Future","Privacy review"
"GAP-030","Optional Narrated Lifecycle","Overview","people-change","Supports progressive learning preferences","Reduced training flexibility","visual-story","low","Future","Lifecycle visual"
