"route","source_file","title","h1","description","page_type","status","local_link_count","external_link_count","download_link_count","migration_action","future_location","proposed_name","proposed_route"
"/","index.html","Architecting Intelligence | Ratheesh Technology Ltd.","Welcome to Architecting Intelligence","Architecting Intelligence — Enterprise AI Architecture and Governance Frameworks","landing","current","4","0","0","retain","Home","Enterprise AI Transformation","/"
"/admin.html","admin.html","Portal administration | Architecting Intelligence","Portal administration","Manage Architecting Intelligence pages, navigation, access, templates, resources, and users.","application","current","2","0","0","retain","Utility","Portal administration","/admin.html"
"/login.html","login.html","Sign in | Architecting Intelligence","Welcome back","Sign in to access the Architecting Intelligence governance and architecture portal.","application","current","5","0","0","retain","Utility","Welcome back","/login.html"
"/register.html","register.html","Register | Architecting Intelligence","Create your account","Create an account for the Architecting Intelligence governance and architecture portal.","application","current","5","0","0","retain","Utility","Create your account","/register.html"
"/pages/about.html","pages/about.html","About Me | Ratheesh Technology Ltd.","About Me","About Me — Architecting Intelligence","guidance","current","4","0","0","move","Knowledge Centre","About the Methodology and Author","/knowledge-centre/about"
"/pages/agentic-ai.html","pages/agentic-ai.html","Agentic AI Governance Framework | Ratheesh Technology Ltd.","Agentic AI Governance Framework","Agentic AI Governance Framework — Architecting Intelligence","guidance","current","8","0","1","split","Stage 4 — Establish Governance","Agent Risk Management","/transformation/stage-4-establish-governance/agent-risk-management"
"/pages/ai-adoption.html","pages/ai-adoption.html","AI Adoption & Enterprise Tool Migration | Ratheesh Technology Ltd.","The Enterprise Tool Migration Trap","AI Adoption & Enterprise Tool Migration — Architecting Intelligence","guidance","current","7","0","0","split","Stage 3 — Define Strategy","Enterprise AI Adoption Strategy","/transformation/stage-3-define-strategy/ai-adoption-strategy"
"/pages/ai-architecture.html","pages/ai-architecture.html","AI Architecture & Implementation Framework | Ratheesh Technology Ltd.","AI Architecture & Implementation Framework","AI Architecture & Implementation Framework — Architecting Intelligence","guidance","current","8","0","0","split","Stage 7 — Design the Target Architecture","Enterprise AI Control-Plane Architecture","/transformation/stage-7-design-target-architecture/ai-control-plane"
"/pages/ai-automation-spectrum.html","pages/ai-automation-spectrum.html","Enterprise AI Automation Spectrum | Ratheesh Technology Ltd.","Enterprise AI Automation Spectrum","A plain-language framework for choosing and governing automation from fixed rules to autonomous multi-agent systems.","guidance","current","7","3","0","move","Knowledge Centre","AI and Automation Autonomy Spectrum","/knowledge-centre/ai-automation-autonomy-spectrum"
"/pages/ai-governance.html","pages/ai-governance.html","Governance, Compliance & Oversight | Ratheesh Technology Ltd.","Governance, Compliance & Oversight","Governance, Compliance & Oversight — Architecting Intelligence","guidance","current","7","4","0","merge","Stage 4 — Establish Governance","AI Governance Operating Model","/transformation/stage-4-establish-governance/operating-model"
"/pages/ai-infrastructure-architecture.html","pages/ai-infrastructure-architecture.html","AI Infrastructure Architecture | Ratheesh Technology Ltd.","AI Infrastructure Architecture","AI Infrastructure Architecture — cloud, self-hosted and hybrid deployment patterns governed through a single enterprise AI gateway.","guidance","current","9","0","0","split","Stage 7 — Design the Target Architecture","AI Infrastructure Architecture","/transformation/stage-7-design-target-architecture/infrastructure-architecture"
"/pages/ai-rpa-prioritization.html","pages/ai-rpa-prioritization.html","AI & RPA Opportunity Prioritization | Ratheesh Technology Ltd.","AI & RPA Opportunity Prioritization","AI & RPA Opportunity Prioritization — Architecting Intelligence","guidance","current","9","0","2","move","Stage 5 — Identify and Prioritise Opportunities","Opportunity Prioritisation Model","/transformation/stage-5-prioritise-opportunities/prioritisation-model"
"/pages/ai-technology-glossary.html","pages/ai-technology-glossary.html","AI & Technology Glossary | Ratheesh Technology Ltd.","AI & Technology Glossary","Plain-language definitions of AI, governance, security, architecture, automation, and delivery terminology.","guidance","current","16","0","0","retain","Knowledge Centre","AI and Technology Glossary","/knowledge-centre/glossary"
"/pages/architecture.html","pages/architecture.html","Enterprise Architecture & Implementation | Ratheesh Technology Ltd.","Enterprise Architecture & Implementation","Enterprise Architecture & Implementation — Architecting Intelligence","guidance","current","8","0","0","merge","Stage 7 — Design the Target Architecture","Target Architecture Overview","/transformation/stage-7-design-target-architecture"
"/pages/assurance.html","pages/assurance.html","Enterprise AI Assurance | Ratheesh Technology Ltd.","Enterprise AI Assurance","Enterprise AI Assurance operating model for control testing, evidence, independent review, findings, and continuous improvement.","guidance","current","9","0","0","merge","Stage 12 — Operate and Govern Production","AI Assurance and Control Testing","/transformation/stage-12-operate-govern-production/assurance"
"/pages/automation.html","pages/automation.html","Automation Framework | Ratheesh Technology Ltd.","Automation Framework","Automation Framework — Architecting Intelligence","guidance","current","7","0","0","move","Knowledge Centre","Intelligent Automation Framework","/knowledge-centre/intelligent-automation"
"/pages/contact.html","pages/contact.html","Get in Touch | Ratheesh Technology Ltd.","Get in Touch","Get in Touch — Architecting Intelligence","guidance","current","4","3","0","retain","Utility","Contact","/contact"
"/pages/data-security.html","pages/data-security.html","Data Security & Privacy | Ratheesh Technology Ltd.","Data Security & Privacy","Data Security & Privacy — Architecting Intelligence","guidance","current","7","0","0","split","Stage 7 — Design the Target Architecture","Data Security and Privacy Architecture","/transformation/stage-7-design-target-architecture/data-security"
"/pages/document-processing.html","pages/document-processing.html","The Document Processing Misconception | Ratheesh Technology Ltd.","The Document Processing Misconception","The Document Processing Misconception — Architecting Intelligence","guidance","current","7","0","0","move","Knowledge Centre","Intelligent Document Processing Pattern","/knowledge-centre/document-processing"
"/pages/executive-career-portfolio.html","pages/executive-career-portfolio.html","Executive Career Portfolio | Ratheesh Ramadasan","From financial discipline to governed AI transformation.","Ratheesh Ramadasan — executive career portfolio spanning BFSI, transformation, automation, enterprise architecture, and AI governance.","guidance","current","5","1","1","archive","About","Executive Career Portfolio","/about/executive-career-portfolio"
"/pages/governance-integration.html","pages/governance-integration.html","Governance Integration Model | Ratheesh Technology Ltd.","Governance Integration Model","Governance Integration Model — Architecting Intelligence","guidance","current","33","22","4","merge","Stage 4 — Establish Governance","Integrated AI Governance Model","/transformation/stage-4-establish-governance/integrated-governance"
"/pages/greenfield-implementation.html","pages/greenfield-implementation.html","Greenfield AI Governance Implementation Blueprint | Ratheesh Technology Ltd.","Greenfield AI Governance Implementation Blueprint","Greenfield AI Governance Implementation Blueprint — Architecting Intelligence","guidance","current","29","0","3","split","Stage 8 — Plan Implementation","Greenfield AI Implementation Blueprint","/transformation/stage-8-plan-implementation/greenfield-blueprint"
"/pages/knowledge-discovery.html","pages/knowledge-discovery.html","Knowledge Discovery | Architecting Intelligence","Knowledge Discovery","Search connected enterprise AI architecture, governance, security, implementation, and operations knowledge.","guidance","current","4","0","0","retain","Knowledge Centre","Knowledge Discovery","/knowledge-centre/search"
"/pages/operational-risk.html","pages/operational-risk.html","Operational & Behavioural Risk | Ratheesh Technology Ltd.","Operational & Behavioural Risk","Operational & Behavioural Risk — Architecting Intelligence","guidance","current","7","0","0","move","Stage 12 — Operate and Govern Production","Operational and Behavioural Risk","/transformation/stage-12-operate-govern-production/operational-risk"
"/pages/resources.html","pages/resources.html","Resources & Downloads | Ratheesh Technology Ltd.","Resources & Downloads","Resources & Downloads — Architecting Intelligence","guidance","current","14","0","8","move","Deliverables","Deliverable and Template Catalogue","/deliverables"
"/pages/security-review.html","pages/security-review.html","Enterprise AI Security & Architecture Review | Ratheesh Technology Ltd.","Enterprise AI Security & Architecture Review","Enterprise AI Security & Architecture Review — Architecting Intelligence","guidance","current","7","0","0","merge","Stage 7 — Design the Target Architecture","Security Architecture Review","/transformation/stage-7-design-target-architecture/security-review"
"/pages/solutions.html","pages/solutions.html","Solutions | Ratheesh Technology Ltd.","Enterprise AI & Automation Solutions","Solutions — Architecting Intelligence","guidance","current","7","0","0","split","Stage 5 — Identify and Prioritise Opportunities","AI Opportunity Patterns","/transformation/stage-5-prioritise-opportunities/opportunity-patterns"
"/pages/vendor-assurance.html","pages/vendor-assurance.html","Vendor, Infrastructure & Lifecycle Dependencies | Ratheesh Technology Ltd.","Vendor, Infrastructure & Lifecycle Dependencies","Vendor, Infrastructure & Lifecycle Dependencies — Architecting Intelligence","guidance","current","7","0","0","move","Stage 4 — Establish Governance","Third-Party AI Assurance","/transformation/stage-4-establish-governance/vendor-assurance"