"deliverable_id","stage","name","type","criticality","accountable_role","approval_gate"
"DEL-000","Stage 0","Programme Charter","decision-pack","mandatory","Executive Sponsor","Mobilisation approval"
"DEL-001","Stage 1","Current-State Discovery Baseline","assessment","mandatory","Programme Director","Discovery acceptance"
"DEL-002","Stage 2","Enterprise AI Readiness Assessment","assessment","mandatory","Business Owner","Readiness disposition"
"DEL-003","Stage 3","Enterprise AI Strategy Decision Pack","decision-pack","mandatory","Executive Sponsor","Strategy approval"
"DEL-004","Stage 4","Governance and Control Framework","policy-pack","mandatory","Platform Owner","Governance approval"
"DEL-005","Stage 5","Prioritised Opportunity Portfolio","register","mandatory","Business Owner","Portfolio approval"
"DEL-006","Stage 6","Enterprise AI Business Case","decision-pack","mandatory","Executive Sponsor","Funding approval"
"DEL-007","Stage 7","Target Architecture Decision Pack","design","mandatory","Enterprise Architect","Architecture approval"
"DEL-008","Stage 8","Integrated Implementation Plan","plan","mandatory","Programme Director","Plan approval"
"DEL-009","Stage 9","Build and Configuration Evidence","evidence-pack","mandatory","Engineering Lead","Build completion"
"DEL-010","Stage 10","Production Readiness Evidence Pack","evidence-pack","mandatory","Service Owner","Release acceptance"
"DEL-011","Stage 11","Transition and Ownership Record","evidence-pack","mandatory","Service Owner","Production release"
"DEL-012","Stage 12","Production Assurance Report","report","mandatory","Service Owner","Continued operation"
"DEL-013","Stage 13","Benefits and Scale Decision Pack","decision-pack","mandatory","Business Owner","Scale approval"
