"current_name","proposed_name","reason","route_impact"
"Solutions","AI Opportunity Patterns","States the page purpose","Future move"
"Automation Framework","Intelligent Automation Framework","Distinguishes enterprise automation from generic automation","Future move"
"The Document Processing Misconception","Intelligent Document Processing Pattern","Plain-language canonical title","Future rename and move"
"The Enterprise Tool Migration Trap","Enterprise AI Adoption Strategy","Lifecycle and executive clarity","Future split"
"AI Architecture & Implementation Framework","Enterprise AI Control-Plane Architecture","Separates architecture from implementation planning","Future split"
"Governance, Compliance & Oversight","AI Governance Operating Model","Clear canonical subject","Future merge"
"Governance Integration Model","Integrated AI Governance Model","Consistent modifier order","Future merge"
"Vendor, Infrastructure & Lifecycle Dependencies","Third-Party AI Assurance","Clarifies accountable activity","Future move"
"Resources & Downloads","Deliverable and Template Catalogue","Treats files as governed outputs","Future move"
"AI & RPA Opportunity Prioritization","AI and Automation Opportunity Prioritisation","Expands scope and applies editorial spelling","Future move"
"About Me","About the Methodology and Author","Better platform context","Future move"
