"role_id","role_name","primary_accountability"
"executive-sponsor","Executive Sponsor","Mandate, investment and executive risk acceptance"
"platform-owner","Platform Owner","Platform purpose, roadmap and final acceptance"
"methodology-lead","Enterprise AI Methodology Lead","Methodology correctness and lifecycle coherence"
"programme-director","Programme Director","Integrated transformation delivery"
"business-owner","Business Owner","Business outcome, process adoption and benefit realisation"
"enterprise-architect","Enterprise Architect","Target architecture and enterprise alignment"
"data-owner","Data Owner","Data purpose, quality, access and lifecycle"
"security-lead","Security Lead","Security risk and control design"
"privacy-lead","Privacy Lead","Privacy assessment and data protection"
"risk-compliance-lead","Risk and Compliance Lead","Risk classification, obligations and control acceptance"
"engineering-lead","Engineering Lead","Build, integration and technical quality"
"operations-lead","Operations Lead","Production reliability and operating procedures"
"service-owner","Service Owner","Service levels, lifecycle and support accountability"
"audit-assurance-lead","Audit and Assurance Lead","Independent evidence and control assurance"
