"source","destination","status","redirect_type","prerequisite","rollback"
"/pages/about.html","/knowledge-centre/about","planned-not-implemented","permanent-after-approval","Destination published and migration accepted","Remove route-map entry; current source remains intact"
"/pages/agentic-ai.html","/transformation/stage-4-establish-governance/agent-risk-management","planned-not-implemented","permanent-after-approval","Destination published and migration accepted","Remove route-map entry; current source remains intact"
"/pages/ai-adoption.html","/transformation/stage-3-define-strategy/ai-adoption-strategy","planned-not-implemented","permanent-after-approval","Destination published and migration accepted","Remove route-map entry; current source remains intact"
"/pages/ai-architecture.html","/transformation/stage-7-design-target-architecture/ai-control-plane","planned-not-implemented","permanent-after-approval","Destination published and migration accepted","Remove route-map entry; current source remains intact"
"/pages/ai-automation-spectrum.html","/knowledge-centre/ai-automation-autonomy-spectrum","planned-not-implemented","permanent-after-approval","Destination published and migration accepted","Remove route-map entry; current source remains intact"
"/pages/ai-governance.html","/transformation/stage-4-establish-governance/operating-model","planned-not-implemented","permanent-after-approval","Destination published and migration accepted","Remove route-map entry; current source remains intact"
"/pages/ai-infrastructure-architecture.html","/transformation/stage-7-design-target-architecture/infrastructure-architecture","planned-not-implemented","permanent-after-approval","Destination published and migration accepted","Remove route-map entry; current source remains intact"
"/pages/ai-rpa-prioritization.html","/transformation/stage-5-prioritise-opportunities/prioritisation-model","planned-not-implemented","permanent-after-approval","Destination published and migration accepted","Remove route-map entry; current source remains intact"
"/pages/ai-technology-glossary.html","/knowledge-centre/glossary","planned-not-implemented","permanent-after-approval","Destination published and migration accepted","Remove route-map entry; current source remains intact"
"/pages/architecture.html","/transformation/stage-7-design-target-architecture","planned-not-implemented","permanent-after-approval","Destination published and migration accepted","Remove route-map entry; current source remains intact"
"/pages/assurance.html","/transformation/stage-12-operate-govern-production/assurance","planned-not-implemented","permanent-after-approval","Destination published and migration accepted","Remove route-map entry; current source remains intact"
"/pages/automation.html","/knowledge-centre/intelligent-automation","planned-not-implemented","permanent-after-approval","Destination published and migration accepted","Remove route-map entry; current source remains intact"
"/pages/contact.html","/contact","planned-not-implemented","permanent-after-approval","Destination published and migration accepted","Remove route-map entry; current source remains intact"
"/pages/data-security.html","/transformation/stage-7-design-target-architecture/data-security","planned-not-implemented","permanent-after-approval","Destination published and migration accepted","Remove route-map entry; current source remains intact"
"/pages/document-processing.html","/knowledge-centre/document-processing","planned-not-implemented","permanent-after-approval","Destination published and migration accepted","Remove route-map entry; current source remains intact"
"/pages/executive-career-portfolio.html","/about/executive-career-portfolio","planned-not-implemented","permanent-after-approval","Destination published and migration accepted","Remove route-map entry; current source remains intact"
"/pages/governance-integration.html","/transformation/stage-4-establish-governance/integrated-governance","planned-not-implemented","permanent-after-approval","Destination published and migration accepted","Remove route-map entry; current source remains intact"
"/pages/greenfield-implementation.html","/transformation/stage-8-plan-implementation/greenfield-blueprint","planned-not-implemented","permanent-after-approval","Destination published and migration accepted","Remove route-map entry; current source remains intact"
"/pages/knowledge-discovery.html","/knowledge-centre/search","planned-not-implemented","permanent-after-approval","Destination published and migration accepted","Remove route-map entry; current source remains intact"
"/pages/operational-risk.html","/transformation/stage-12-operate-govern-production/operational-risk","planned-not-implemented","permanent-after-approval","Destination published and migration accepted","Remove route-map entry; current source remains intact"
"/pages/resources.html","/deliverables","planned-not-implemented","permanent-after-approval","Destination published and migration accepted","Remove route-map entry; current source remains intact"
"/pages/security-review.html","/transformation/stage-7-design-target-architecture/security-review","planned-not-implemented","permanent-after-approval","Destination published and migration accepted","Remove route-map entry; current source remains intact"
"/pages/solutions.html","/transformation/stage-5-prioritise-opportunities/opportunity-patterns","planned-not-implemented","permanent-after-approval","Destination published and migration accepted","Remove route-map entry; current source remains intact"
"/pages/vendor-assurance.html","/transformation/stage-4-establish-governance/vendor-assurance","planned-not-implemented","permanent-after-approval","Destination published and migration accepted","Remove route-map entry; current source remains intact"